[
{
    "fields": {
        "domain": "127.0.0.1:8000",
        "name": "127.0.0.1:8000"
    },
    "model": "sites.site",
    "pk": 2
},
{
    "fields": {
        "domain": "worddict.net:82",
        "name": "worddict.net:82"
    },
    "model": "sites.site",
    "pk": 3
},
{
    "fields": {
        "email_address": 1,
        "key": "20dqbbg0wouj1jlbgvs6jx8h6jnmyz5yzhig7srpvaqybdbtlooe0ksm3otfcs2o",
        "sent": "2016-03-28T08:34:17.419Z",
        "created": "2016-03-28T08:34:16.537Z"
    },
    "model": "account.emailconfirmation",
    "pk": 1
},
{
    "fields": {
        "email_address": 3,
        "key": "be6a17d7-93a0-4805-9930-9ea597843f39",
        "sent": "2016-03-28T21:44:44.599Z",
        "created": "2016-03-28T09:44:44.599Z"
    },
    "model": "account.emailconfirmation",
    "pk": 3
},
{
    "fields": {
        "email_address": 4,
        "key": "09bc9af5-2b04-40fa-b92b-bc7234c8c467",
        "sent": "2016-03-28T21:50:30.792Z",
        "created": "2016-03-28T09:50:30.792Z"
    },
    "model": "account.emailconfirmation",
    "pk": 4
},
{
    "fields": {
        "email_address": 6,
        "key": "ad30c2134857456bbac0ef201f1c9433",
        "sent": "2016-03-28T21:55:54.331Z",
        "created": "2016-03-28T09:55:54.330Z"
    },
    "model": "account.emailconfirmation",
    "pk": 5
},
{
    "fields": {
        "email_address": 7,
        "key": "d3db91da915540e4b4c8c8332a731cc1",
        "sent": "2016-03-28T21:59:01.563Z",
        "created": "2016-03-28T09:59:01.563Z"
    },
    "model": "account.emailconfirmation",
    "pk": 6
},
{
    "fields": {
        "email_address": 8,
        "key": "6bf5a5927cfe46d9a2c5ce9191db4de6",
        "sent": "2016-03-28T22:01:49.605Z",
        "created": "2016-03-28T10:01:49.605Z"
    },
    "model": "account.emailconfirmation",
    "pk": 7
},
{
    "fields": {
        "email_address": 9,
        "key": "fdb78926bdbb482b9f99b498c25cae46",
        "sent": "2016-03-28T22:05:20.076Z",
        "created": "2016-03-28T10:05:20.076Z"
    },
    "model": "account.emailconfirmation",
    "pk": 8
},
{
    "fields": {
        "email_address": 10,
        "key": "9c1d4ae432c5483da0bd564a609ce7fc",
        "sent": "2016-03-28T23:17:25.734Z",
        "created": "2016-03-28T11:17:25.734Z"
    },
    "model": "account.emailconfirmation",
    "pk": 9
},
{
    "fields": {
        "email_address": 11,
        "key": "le79ykeaqyfisftd9elzs2fy1zkuvk4j1hs9kjwwkmf8mqpqb1pnx9gphwcyinb5",
        "sent": "2016-03-30T11:36:40.395Z",
        "created": "2016-03-30T11:36:39.647Z"
    },
    "model": "account.emailconfirmation",
    "pk": 10
},
{
    "fields": {
        "email_address": 12,
        "key": "im0nmjqv9qexrlk2hrjfouae1bmcfipnziyopbq476yi8vo34ymludqrebzk8o25",
        "sent": "2016-03-30T12:52:49.481Z",
        "created": "2016-03-30T12:52:48.626Z"
    },
    "model": "account.emailconfirmation",
    "pk": 11
},
{
    "fields": {
        "email_address": 13,
        "key": "m59unb981ae8hbalqsaaop37ntk1undw19y8jvrouus0nt9b8jvrg10istxpegut",
        "sent": "2016-03-30T12:53:15.577Z",
        "created": "2016-03-30T12:53:14.672Z"
    },
    "model": "account.emailconfirmation",
    "pk": 12
},
{
    "fields": {
        "email_address": 14,
        "key": "aesocxyh0tgkgkozs9bfni24ib7ckuo8ekoywfbivpumn6fimdwojl7gosmdt3iw",
        "sent": "2016-03-30T12:53:47.526Z",
        "created": "2016-03-30T12:53:46.643Z"
    },
    "model": "account.emailconfirmation",
    "pk": 13
},
{
    "fields": {
        "name": "cisco",
        "slug": "cisco"
    },
    "model": "taggit.tag",
    "pk": 1
},
{
    "fields": {
        "name": "chi software",
        "slug": "chi software"
    },
    "model": "taggit.tag",
    "pk": 3
},
{
    "fields": {
        "tag": 3,
        "object_id": 1,
        "content_type": [
            "projects",
            "project"
        ]
    },
    "model": "taggit.taggeditem",
    "pk": 2
},
{
    "fields": {
        "tag": 1,
        "object_id": 1,
        "content_type": [
            "projects",
            "task"
        ]
    },
    "model": "taggit.taggeditem",
    "pk": 1
},
{
    "fields": {
        "username": "yura",
        "first_name": "yura",
        "last_name": "",
        "specialization": "",
        "user_permissions": [],
        "photo": "",
        "is_active": true,
        "is_superuser": true,
        "is_staff": true,
        "last_login": "2016-03-18T13:26:04.553Z",
        "groups": [],
        "department": "",
        "detailed_info": "",
        "password": "pbkdf2_sha256$20000$rmZ0p4SIhTBM$KHHLBpPoFMBJCxKlECmIyF66AAgG6aST2doeXnZjSv0=",
        "use_gravatar": true,
        "email": "yura@example.com",
        "date_joined": "2016-03-18T09:54:08.108Z"
    },
    "model": "users.trololouser",
    "pk": 1
},
{
    "fields": {
        "username": "yura2",
        "first_name": "",
        "last_name": "",
        "specialization": "",
        "user_permissions": [],
        "photo": "",
        "is_active": true,
        "is_superuser": true,
        "is_staff": true,
        "last_login": null,
        "groups": [],
        "department": "",
        "detailed_info": "",
        "password": "pbkdf2_sha256$20000$HJZhVg5FL5gQ$BZN4D/QNTf7lAi652HM+P11NUTYP9d8uOyTI9zw4hm8=",
        "use_gravatar": false,
        "email": "yura2@example.com",
        "date_joined": "2016-03-18T13:25:38.429Z"
    },
    "model": "users.trololouser",
    "pk": 2
},
{
    "fields": {
        "username": "user",
        "first_name": "",
        "last_name": "",
        "specialization": "",
        "user_permissions": [],
        "photo": "",
        "is_active": true,
        "is_superuser": false,
        "is_staff": false,
        "last_login": "2016-03-30T11:26:37.125Z",
        "groups": [],
        "department": "",
        "detailed_info": "",
        "password": "pbkdf2_sha256$20000$pIcAe4SC6Hfy$FgF10Q2xIygDh4TDCicGC+m+HMMtdDfgRAup8H6ajMw=",
        "use_gravatar": false,
        "email": "yuriy_z@list.ru",
        "date_joined": "2016-03-28T08:34:16.189Z"
    },
    "model": "users.trololouser",
    "pk": 3
},
{
    "fields": {
        "username": "['super_hero']",
        "first_name": "",
        "last_name": "",
        "specialization": "",
        "user_permissions": [],
        "photo": "",
        "is_active": true,
        "is_superuser": false,
        "is_staff": false,
        "last_login": null,
        "groups": [],
        "department": "",
        "detailed_info": "",
        "password": "pbkdf2_sha256$20000$hpuzyGlrQ0Mx$hLuQQZInadrUko6bbRLjcRbufA0oLpbqN8h4Y19g44w=",
        "use_gravatar": false,
        "email": "['hero@test.com']",
        "date_joined": "2016-03-29T09:43:23.287Z"
    },
    "model": "users.trololouser",
    "pk": 4
},
{
    "fields": {
        "username": "['super_hero1']",
        "first_name": "",
        "last_name": "",
        "specialization": "",
        "user_permissions": [],
        "photo": "",
        "is_active": true,
        "is_superuser": false,
        "is_staff": false,
        "last_login": null,
        "groups": [],
        "department": "",
        "detailed_info": "",
        "password": "pbkdf2_sha256$20000$iMPFBtOzX6sL$fKVJ4+a2AENkXzygEhY97CBM5Ji+bAA5DcOKJvHs4cU=",
        "use_gravatar": false,
        "email": "['hero1@test.com']",
        "date_joined": "2016-03-29T09:44:44.527Z"
    },
    "model": "users.trololouser",
    "pk": 5
},
{
    "fields": {
        "username": "['super_hero2']",
        "first_name": "",
        "last_name": "",
        "specialization": "",
        "user_permissions": [],
        "photo": "",
        "is_active": true,
        "is_superuser": false,
        "is_staff": false,
        "last_login": null,
        "groups": [],
        "department": "",
        "detailed_info": "",
        "password": "pbkdf2_sha256$20000$IifqbkxbaOzK$dJbMzTQGciGfjixwxKNQwLT3kzxpRUQIQ17fv+TBi3I=",
        "use_gravatar": false,
        "email": "['hero2@test.com']",
        "date_joined": "2016-03-29T09:50:30.718Z"
    },
    "model": "users.trololouser",
    "pk": 6
},
{
    "fields": {
        "username": "['super_hero3']",
        "first_name": "",
        "last_name": "",
        "specialization": "",
        "user_permissions": [],
        "photo": "",
        "is_active": true,
        "is_superuser": false,
        "is_staff": false,
        "last_login": null,
        "groups": [],
        "department": "",
        "detailed_info": "",
        "password": "pbkdf2_sha256$20000$jZ8cde7AwcXX$jA1JoO/14YS86g2RFjejPd8b3x+/yQOHlGE0y1ASygs=",
        "use_gravatar": false,
        "email": "['hero3@test.com']",
        "date_joined": "2016-03-29T09:55:34.064Z"
    },
    "model": "users.trololouser",
    "pk": 7
},
{
    "fields": {
        "username": "['super_hero4']",
        "first_name": "",
        "last_name": "",
        "specialization": "",
        "user_permissions": [],
        "photo": "",
        "is_active": true,
        "is_superuser": false,
        "is_staff": false,
        "last_login": null,
        "groups": [],
        "department": "",
        "detailed_info": "",
        "password": "pbkdf2_sha256$20000$j1mNYZuRM241$KqGhy2SIYGN2SA9EaZ4RAyxWH732sMnL61a0HpTcx8g=",
        "use_gravatar": false,
        "email": "['hero4@test.com']",
        "date_joined": "2016-03-29T09:55:54.256Z"
    },
    "model": "users.trololouser",
    "pk": 8
},
{
    "fields": {
        "username": "hero5",
        "first_name": "",
        "last_name": "",
        "specialization": "",
        "user_permissions": [],
        "photo": "",
        "is_active": true,
        "is_superuser": false,
        "is_staff": false,
        "last_login": "2016-03-29T10:01:35.790Z",
        "groups": [],
        "department": "",
        "detailed_info": "",
        "password": "pbkdf2_sha256$20000$5WAs4NV4pMBR$4q0p7bXVOlFjCA9HdlhUrGrq9epaY0qFeCqJrigZsp8=",
        "use_gravatar": false,
        "email": "hero5@test.com",
        "date_joined": "2016-03-29T09:59:01.497Z"
    },
    "model": "users.trololouser",
    "pk": 9
},
{
    "fields": {
        "username": "hero6",
        "first_name": "",
        "last_name": "",
        "specialization": "",
        "user_permissions": [],
        "photo": "",
        "is_active": true,
        "is_superuser": false,
        "is_staff": false,
        "last_login": "2016-03-29T10:02:02.318Z",
        "groups": [],
        "department": "",
        "detailed_info": "",
        "password": "pbkdf2_sha256$20000$szN1q5ymUzyL$PVeu0mUKTJKFHYq7aRENki/ShMjBDIxNjiNYgBIxPCU=",
        "use_gravatar": false,
        "email": "hero6@test.com",
        "date_joined": "2016-03-29T10:01:49.528Z"
    },
    "model": "users.trololouser",
    "pk": 10
},
{
    "fields": {
        "username": "cartman",
        "first_name": "",
        "last_name": "",
        "specialization": "",
        "user_permissions": [],
        "photo": "",
        "is_active": true,
        "is_superuser": false,
        "is_staff": false,
        "last_login": "2016-03-31T07:57:03.933Z",
        "groups": [],
        "department": "",
        "detailed_info": "",
        "password": "pbkdf2_sha256$20000$wiC7cElOBtR5$5NPOTOykW8XQmIoCfCqtEuj//14zBjKnhwry3d+lscU=",
        "use_gravatar": false,
        "email": "eric@test.com",
        "date_joined": "2016-03-29T10:05:19.991Z"
    },
    "model": "users.trololouser",
    "pk": 11
},
{
    "fields": {
        "username": "kenny",
        "first_name": "I am Kenny",
        "last_name": "",
        "specialization": "",
        "user_permissions": [],
        "photo": "",
        "is_active": true,
        "is_superuser": true,
        "is_staff": true,
        "last_login": "2016-03-30T11:28:28.576Z",
        "groups": [],
        "department": "",
        "detailed_info": "",
        "password": "pbkdf2_sha256$20000$wMcrSGQCzsZ2$hxyR8BA8GE/Oe5ogaGN5V/NizE+CBwHOh0GsYS6bnak=",
        "use_gravatar": false,
        "email": "kenny@test.com",
        "date_joined": "2016-03-29T11:17:25.652Z"
    },
    "model": "users.trololouser",
    "pk": 12
},
{
    "fields": {
        "username": "johny",
        "first_name": "",
        "last_name": "",
        "specialization": "",
        "user_permissions": [],
        "photo": "",
        "is_active": true,
        "is_superuser": false,
        "is_staff": false,
        "last_login": "2016-03-30T12:51:15.587Z",
        "groups": [],
        "department": "",
        "detailed_info": "",
        "password": "pbkdf2_sha256$20000$DBGvQAaL3IHv$3Pl/5sEnZKOOsoMuIw3kn0kBKsYK5Xn+hD5g9kO0gn0=",
        "use_gravatar": false,
        "email": "jonny.john2017@yandex.ru",
        "date_joined": "2016-03-30T11:36:39.440Z"
    },
    "model": "users.trololouser",
    "pk": 13
},
{
    "fields": {
        "username": "admin",
        "first_name": "",
        "last_name": "",
        "specialization": "",
        "user_permissions": [],
        "photo": "",
        "is_active": true,
        "is_superuser": false,
        "is_staff": false,
        "last_login": null,
        "groups": [],
        "department": "",
        "detailed_info": "",
        "password": "pbkdf2_sha256$20000$Tdl9hVLoyaJ7$PkX+vOJdh5XCOXfC8yVDlloC1yGH121ZYueDlxsbvjw=",
        "use_gravatar": false,
        "email": "test@test.com",
        "date_joined": "2016-03-30T12:52:48.464Z"
    },
    "model": "users.trololouser",
    "pk": 14
},
{
    "fields": {
        "username": "hero7",
        "first_name": "",
        "last_name": "",
        "specialization": "",
        "user_permissions": [],
        "photo": "",
        "is_active": true,
        "is_superuser": false,
        "is_staff": false,
        "last_login": null,
        "groups": [],
        "department": "",
        "detailed_info": "",
        "password": "pbkdf2_sha256$20000$wodZiAIJllHv$4vkYBTBnXKhSc+c05VxKYWYRpgXjAuq9eYj7pudhOTs=",
        "use_gravatar": false,
        "email": "test1@test.com",
        "date_joined": "2016-03-30T12:53:14.585Z"
    },
    "model": "users.trololouser",
    "pk": 15
},
{
    "fields": {
        "username": "\u0435\u044b\u0435",
        "first_name": "",
        "last_name": "",
        "specialization": "",
        "user_permissions": [],
        "photo": "",
        "is_active": true,
        "is_superuser": false,
        "is_staff": false,
        "last_login": null,
        "groups": [],
        "department": "",
        "detailed_info": "",
        "password": "pbkdf2_sha256$20000$Py6ZCGFcWK5P$pPPt2M/fN9LE1NqryaX2FruKrkVUJ9ggc5e37iDPXoc=",
        "use_gravatar": false,
        "email": "tst@test.com",
        "date_joined": "2016-03-30T12:53:46.544Z"
    },
    "model": "users.trololouser",
    "pk": 16
},
{
    "fields": {
        "created_at": "2016-03-18T10:56:21.891Z",
        "message": "create new project \"project1\"",
        "updated_by": [
            "yura"
        ],
        "created_by": [
            "yura"
        ],
        "updated_at": "2016-03-18T10:56:21.891Z"
    },
    "model": "activity.activity",
    "pk": 1
},
{
    "fields": {
        "created_at": "2016-03-18T10:56:40.382Z",
        "message": "create new project \"project2\"",
        "updated_by": [
            "yura"
        ],
        "created_by": [
            "yura"
        ],
        "updated_at": "2016-03-18T10:56:40.382Z"
    },
    "model": "activity.activity",
    "pk": 2
},
{
    "fields": {
        "created_at": "2016-03-18T10:57:12.808Z",
        "message": "create new project \"project3\"",
        "updated_by": [
            "yura"
        ],
        "created_by": [
            "yura"
        ],
        "updated_at": "2016-03-18T10:57:12.808Z"
    },
    "model": "activity.activity",
    "pk": 3
},
{
    "fields": {
        "created_at": "2016-03-18T13:30:49.324Z",
        "message": "edit project \"project1\"",
        "updated_by": [
            "yura"
        ],
        "created_by": [
            "yura"
        ],
        "updated_at": "2016-03-18T13:30:49.324Z"
    },
    "model": "activity.activity",
    "pk": 4
},
{
    "fields": {
        "created_at": "2016-03-18T13:30:55.248Z",
        "message": "edit project \"project2\"",
        "updated_by": [
            "yura"
        ],
        "created_by": [
            "yura"
        ],
        "updated_at": "2016-03-18T13:30:55.248Z"
    },
    "model": "activity.activity",
    "pk": 5
},
{
    "fields": {
        "created_at": "2016-03-18T13:31:00.827Z",
        "message": "edit project \"project3\"",
        "updated_by": [
            "yura"
        ],
        "created_by": [
            "yura"
        ],
        "updated_at": "2016-03-18T13:31:00.828Z"
    },
    "model": "activity.activity",
    "pk": 6
},
{
    "fields": {
        "created_at": "2016-03-18T13:31:48.716Z",
        "message": "edit project \"project3\"",
        "updated_by": [
            "yura"
        ],
        "created_by": [
            "yura"
        ],
        "updated_at": "2016-03-18T13:31:48.716Z"
    },
    "model": "activity.activity",
    "pk": 7
},
{
    "fields": {
        "created_at": "2016-03-18T14:07:49.809Z",
        "message": "edit project \"project1\"",
        "updated_by": [
            "yura"
        ],
        "created_by": [
            "yura"
        ],
        "updated_at": "2016-03-18T14:07:49.809Z"
    },
    "model": "activity.activity",
    "pk": 8
},
{
    "fields": {
        "created_at": "2016-03-18T14:08:05.602Z",
        "message": "edit project \"projecta\"",
        "updated_by": [
            "yura"
        ],
        "created_by": [
            "yura"
        ],
        "updated_at": "2016-03-18T14:08:05.602Z"
    },
    "model": "activity.activity",
    "pk": 9
},
{
    "fields": {
        "created_at": "2016-03-18T14:08:13.143Z",
        "message": "edit project \"projectb\"",
        "updated_by": [
            "yura"
        ],
        "created_by": [
            "yura"
        ],
        "updated_at": "2016-03-18T14:08:13.143Z"
    },
    "model": "activity.activity",
    "pk": 10
},
{
    "fields": {
        "created_at": "2016-03-18T14:08:20.317Z",
        "message": "edit project \"projectc\"",
        "updated_by": [
            "yura"
        ],
        "created_by": [
            "yura"
        ],
        "updated_at": "2016-03-18T14:08:20.317Z"
    },
    "model": "activity.activity",
    "pk": 11
},
{
    "fields": {
        "created_at": "2016-03-18T14:17:50.872Z",
        "message": "create new project \"projecta\"",
        "updated_by": [
            "yura"
        ],
        "created_by": [
            "yura"
        ],
        "updated_at": "2016-03-18T14:17:50.872Z"
    },
    "model": "activity.activity",
    "pk": 12
},
{
    "fields": {
        "created_at": "2016-03-18T14:52:03.568Z",
        "message": "edit project \"projecta\"",
        "updated_by": [
            "yura"
        ],
        "created_by": [
            "yura"
        ],
        "updated_at": "2016-03-18T14:52:03.568Z"
    },
    "model": "activity.activity",
    "pk": 13
},
{
    "fields": {
        "created_at": "2016-03-18T14:52:11.539Z",
        "message": "edit project \"projectc\"",
        "updated_by": [
            "yura"
        ],
        "created_by": [
            "yura"
        ],
        "updated_at": "2016-03-18T14:52:11.539Z"
    },
    "model": "activity.activity",
    "pk": 14
},
{
    "fields": {
        "created_at": "2016-03-18T14:52:23.235Z",
        "message": "edit project \"projectb\"",
        "updated_by": [
            "yura"
        ],
        "created_by": [
            "yura"
        ],
        "updated_at": "2016-03-18T14:52:23.235Z"
    },
    "model": "activity.activity",
    "pk": 15
},
{
    "fields": {
        "created_at": "2016-03-18T14:52:30.407Z",
        "message": "edit project \"projecta\"",
        "updated_by": [
            "yura"
        ],
        "created_by": [
            "yura"
        ],
        "updated_at": "2016-03-18T14:52:30.407Z"
    },
    "model": "activity.activity",
    "pk": 16
},
{
    "fields": {
        "created_at": "2016-03-22T12:22:25.794Z",
        "message": "edit project",
        "updated_by": null,
        "created_by": null,
        "updated_at": "2016-03-22T12:22:25.794Z"
    },
    "model": "activity.activity",
    "pk": 17
},
{
    "fields": {
        "created_at": "2016-03-22T12:56:54.253Z",
        "message": "edit project",
        "updated_by": null,
        "created_by": null,
        "updated_at": "2016-03-22T12:56:54.254Z"
    },
    "model": "activity.activity",
    "pk": 18
},
{
    "fields": {
        "created_at": "2016-03-31T09:46:59.069Z",
        "message": "edit task",
        "updated_by": [
            "cartman"
        ],
        "created_by": [
            "cartman"
        ],
        "updated_at": "2016-03-31T09:46:59.069Z"
    },
    "model": "activity.activity",
    "pk": 19
},
{
    "fields": {
        "created_at": "2016-03-31T09:46:59.142Z",
        "message": "edit task",
        "updated_by": [
            "cartman"
        ],
        "created_by": [
            "cartman"
        ],
        "updated_at": "2016-03-31T09:46:59.142Z"
    },
    "model": "activity.activity",
    "pk": 20
},
{
    "fields": {
        "created_at": "2016-03-31T09:46:59.307Z",
        "message": "edit project",
        "updated_by": [
            "cartman"
        ],
        "created_by": [
            "cartman"
        ],
        "updated_at": "2016-03-31T09:46:59.307Z"
    },
    "model": "activity.activity",
    "pk": 21
},
{
    "fields": {
        "created_at": "2016-03-31T09:47:19.947Z",
        "message": "edit task",
        "updated_by": [
            "cartman"
        ],
        "created_by": [
            "cartman"
        ],
        "updated_at": "2016-03-31T09:47:19.947Z"
    },
    "model": "activity.activity",
    "pk": 22
},
{
    "fields": {
        "created_at": "2016-03-31T09:47:19.950Z",
        "message": "edit task",
        "updated_by": [
            "cartman"
        ],
        "created_by": [
            "cartman"
        ],
        "updated_at": "2016-03-31T09:47:19.950Z"
    },
    "model": "activity.activity",
    "pk": 23
},
{
    "fields": {
        "created_at": "2016-03-31T09:47:20.109Z",
        "message": "edit project",
        "updated_by": [
            "cartman"
        ],
        "created_by": [
            "cartman"
        ],
        "updated_at": "2016-03-31T09:47:20.109Z"
    },
    "model": "activity.activity",
    "pk": 24
},
{
    "fields": {
        "created_at": "2016-03-31T09:47:25.467Z",
        "message": "edit task",
        "updated_by": [
            "cartman"
        ],
        "created_by": [
            "cartman"
        ],
        "updated_at": "2016-03-31T09:47:25.467Z"
    },
    "model": "activity.activity",
    "pk": 25
},
{
    "fields": {
        "created_at": "2016-03-31T09:47:25.470Z",
        "message": "edit task",
        "updated_by": [
            "cartman"
        ],
        "created_by": [
            "cartman"
        ],
        "updated_at": "2016-03-31T09:47:25.470Z"
    },
    "model": "activity.activity",
    "pk": 26
},
{
    "fields": {
        "created_at": "2016-03-31T09:47:25.512Z",
        "message": "edit project",
        "updated_by": [
            "cartman"
        ],
        "created_by": [
            "cartman"
        ],
        "updated_at": "2016-03-31T09:47:25.512Z"
    },
    "model": "activity.activity",
    "pk": 27
},
{
    "fields": {
        "created_at": "2016-03-31T09:47:51.462Z",
        "message": "edit task",
        "updated_by": [
            "cartman"
        ],
        "created_by": [
            "cartman"
        ],
        "updated_at": "2016-03-31T09:47:51.462Z"
    },
    "model": "activity.activity",
    "pk": 28
},
{
    "fields": {
        "created_at": "2016-03-31T09:47:51.465Z",
        "message": "edit task",
        "updated_by": [
            "cartman"
        ],
        "created_by": [
            "cartman"
        ],
        "updated_at": "2016-03-31T09:47:51.465Z"
    },
    "model": "activity.activity",
    "pk": 29
},
{
    "fields": {
        "created_at": "2016-03-31T09:47:51.508Z",
        "message": "edit project",
        "updated_by": [
            "cartman"
        ],
        "created_by": [
            "cartman"
        ],
        "updated_at": "2016-03-31T09:47:51.508Z"
    },
    "model": "activity.activity",
    "pk": 30
},
{
    "fields": {
        "created_at": "2016-03-31T09:47:58.693Z",
        "message": "edit task",
        "updated_by": [
            "cartman"
        ],
        "created_by": [
            "cartman"
        ],
        "updated_at": "2016-03-31T09:47:58.693Z"
    },
    "model": "activity.activity",
    "pk": 31
},
{
    "fields": {
        "created_at": "2016-03-31T09:47:58.697Z",
        "message": "edit task",
        "updated_by": [
            "cartman"
        ],
        "created_by": [
            "cartman"
        ],
        "updated_at": "2016-03-31T09:47:58.697Z"
    },
    "model": "activity.activity",
    "pk": 32
},
{
    "fields": {
        "created_at": "2016-03-31T09:47:58.732Z",
        "message": "edit project",
        "updated_by": [
            "cartman"
        ],
        "created_by": [
            "cartman"
        ],
        "updated_at": "2016-03-31T09:47:58.732Z"
    },
    "model": "activity.activity",
    "pk": 33
},
{
    "fields": {
        "created_at": "2016-03-31T09:51:15.322Z",
        "message": "edit task",
        "updated_by": [
            "cartman"
        ],
        "created_by": [
            "cartman"
        ],
        "updated_at": "2016-03-31T09:51:15.322Z"
    },
    "model": "activity.activity",
    "pk": 34
},
{
    "fields": {
        "created_at": "2016-03-31T09:51:15.326Z",
        "message": "edit task",
        "updated_by": [
            "cartman"
        ],
        "created_by": [
            "cartman"
        ],
        "updated_at": "2016-03-31T09:51:15.326Z"
    },
    "model": "activity.activity",
    "pk": 35
},
{
    "fields": {
        "created_at": "2016-03-31T09:51:15.364Z",
        "message": "edit project",
        "updated_by": [
            "cartman"
        ],
        "created_by": [
            "cartman"
        ],
        "updated_at": "2016-03-31T09:51:15.364Z"
    },
    "model": "activity.activity",
    "pk": 36
},
{
    "fields": {
        "created_at": "2016-03-31T09:51:44.542Z",
        "message": "edit task",
        "updated_by": [
            "cartman"
        ],
        "created_by": [
            "cartman"
        ],
        "updated_at": "2016-03-31T09:51:44.542Z"
    },
    "model": "activity.activity",
    "pk": 37
},
{
    "fields": {
        "created_at": "2016-03-31T09:51:44.545Z",
        "message": "edit task",
        "updated_by": [
            "cartman"
        ],
        "created_by": [
            "cartman"
        ],
        "updated_at": "2016-03-31T09:51:44.545Z"
    },
    "model": "activity.activity",
    "pk": 38
},
{
    "fields": {
        "created_at": "2016-03-31T09:51:44.584Z",
        "message": "edit project",
        "updated_by": [
            "cartman"
        ],
        "created_by": [
            "cartman"
        ],
        "updated_at": "2016-03-31T09:51:44.585Z"
    },
    "model": "activity.activity",
    "pk": 39
},
{
    "fields": {
        "created_at": "2016-03-31T09:51:55.507Z",
        "message": "edit task",
        "updated_by": [
            "cartman"
        ],
        "created_by": [
            "cartman"
        ],
        "updated_at": "2016-03-31T09:51:55.507Z"
    },
    "model": "activity.activity",
    "pk": 40
},
{
    "fields": {
        "created_at": "2016-03-31T09:51:55.510Z",
        "message": "edit task",
        "updated_by": [
            "cartman"
        ],
        "created_by": [
            "cartman"
        ],
        "updated_at": "2016-03-31T09:51:55.510Z"
    },
    "model": "activity.activity",
    "pk": 41
},
{
    "fields": {
        "created_at": "2016-03-31T09:51:55.550Z",
        "message": "edit project",
        "updated_by": [
            "cartman"
        ],
        "created_by": [
            "cartman"
        ],
        "updated_at": "2016-03-31T09:51:55.550Z"
    },
    "model": "activity.activity",
    "pk": 42
},
{
    "fields": {
        "created_at": "2016-03-31T09:52:00.861Z",
        "message": "edit task",
        "updated_by": [
            "cartman"
        ],
        "created_by": [
            "cartman"
        ],
        "updated_at": "2016-03-31T09:52:00.861Z"
    },
    "model": "activity.activity",
    "pk": 43
},
{
    "fields": {
        "created_at": "2016-03-31T09:52:00.864Z",
        "message": "edit task",
        "updated_by": [
            "cartman"
        ],
        "created_by": [
            "cartman"
        ],
        "updated_at": "2016-03-31T09:52:00.864Z"
    },
    "model": "activity.activity",
    "pk": 44
},
{
    "fields": {
        "created_at": "2016-03-31T09:52:00.899Z",
        "message": "edit project",
        "updated_by": [
            "cartman"
        ],
        "created_by": [
            "cartman"
        ],
        "updated_at": "2016-03-31T09:52:00.899Z"
    },
    "model": "activity.activity",
    "pk": 45
},
{
    "fields": {
        "created_at": "2016-03-31T09:52:19.020Z",
        "message": "edit task",
        "updated_by": [
            "cartman"
        ],
        "created_by": [
            "cartman"
        ],
        "updated_at": "2016-03-31T09:52:19.020Z"
    },
    "model": "activity.activity",
    "pk": 46
},
{
    "fields": {
        "created_at": "2016-03-31T09:52:19.023Z",
        "message": "edit task",
        "updated_by": [
            "cartman"
        ],
        "created_by": [
            "cartman"
        ],
        "updated_at": "2016-03-31T09:52:19.023Z"
    },
    "model": "activity.activity",
    "pk": 47
},
{
    "fields": {
        "created_at": "2016-03-31T09:52:19.063Z",
        "message": "edit project",
        "updated_by": [
            "cartman"
        ],
        "created_by": [
            "cartman"
        ],
        "updated_at": "2016-03-31T09:52:19.063Z"
    },
    "model": "activity.activity",
    "pk": 48
},
{
    "fields": {
        "created_at": "2016-03-31T09:52:43.128Z",
        "message": "edit task",
        "updated_by": [
            "cartman"
        ],
        "created_by": [
            "cartman"
        ],
        "updated_at": "2016-03-31T09:52:43.128Z"
    },
    "model": "activity.activity",
    "pk": 49
},
{
    "fields": {
        "created_at": "2016-03-31T09:52:43.130Z",
        "message": "edit task",
        "updated_by": [
            "cartman"
        ],
        "created_by": [
            "cartman"
        ],
        "updated_at": "2016-03-31T09:52:43.130Z"
    },
    "model": "activity.activity",
    "pk": 50
},
{
    "fields": {
        "created_at": "2016-03-31T09:52:43.168Z",
        "message": "edit project",
        "updated_by": [
            "cartman"
        ],
        "created_by": [
            "cartman"
        ],
        "updated_at": "2016-03-31T09:52:43.168Z"
    },
    "model": "activity.activity",
    "pk": 51
},
{
    "fields": {
        "created_at": "2016-03-31T09:53:42.889Z",
        "message": "edit task",
        "updated_by": [
            "cartman"
        ],
        "created_by": [
            "cartman"
        ],
        "updated_at": "2016-03-31T09:53:42.889Z"
    },
    "model": "activity.activity",
    "pk": 52
},
{
    "fields": {
        "created_at": "2016-03-31T09:53:42.892Z",
        "message": "edit task",
        "updated_by": [
            "cartman"
        ],
        "created_by": [
            "cartman"
        ],
        "updated_at": "2016-03-31T09:53:42.892Z"
    },
    "model": "activity.activity",
    "pk": 53
},
{
    "fields": {
        "created_at": "2016-03-31T09:53:42.927Z",
        "message": "edit project",
        "updated_by": [
            "cartman"
        ],
        "created_by": [
            "cartman"
        ],
        "updated_at": "2016-03-31T09:53:42.927Z"
    },
    "model": "activity.activity",
    "pk": 54
},
{
    "fields": {
        "created_at": "2016-03-31T09:55:04.984Z",
        "message": "edit task",
        "updated_by": [
            "cartman"
        ],
        "created_by": [
            "cartman"
        ],
        "updated_at": "2016-03-31T09:55:04.984Z"
    },
    "model": "activity.activity",
    "pk": 55
},
{
    "fields": {
        "created_at": "2016-03-31T09:55:04.987Z",
        "message": "edit task",
        "updated_by": [
            "cartman"
        ],
        "created_by": [
            "cartman"
        ],
        "updated_at": "2016-03-31T09:55:04.987Z"
    },
    "model": "activity.activity",
    "pk": 56
},
{
    "fields": {
        "created_at": "2016-03-31T09:55:05.024Z",
        "message": "edit project",
        "updated_by": [
            "cartman"
        ],
        "created_by": [
            "cartman"
        ],
        "updated_at": "2016-03-31T09:55:05.024Z"
    },
    "model": "activity.activity",
    "pk": 57
},
{
    "fields": {
        "created_at": "2016-03-31T10:36:41.805Z",
        "message": "edit task",
        "updated_by": [
            "cartman"
        ],
        "created_by": [
            "cartman"
        ],
        "updated_at": "2016-03-31T10:36:41.805Z"
    },
    "model": "activity.activity",
    "pk": 58
},
{
    "fields": {
        "created_at": "2016-03-31T10:36:41.811Z",
        "message": "edit task",
        "updated_by": [
            "cartman"
        ],
        "created_by": [
            "cartman"
        ],
        "updated_at": "2016-03-31T10:36:41.811Z"
    },
    "model": "activity.activity",
    "pk": 59
},
{
    "fields": {
        "created_at": "2016-03-31T10:36:41.980Z",
        "message": "edit project",
        "updated_by": [
            "cartman"
        ],
        "created_by": [
            "cartman"
        ],
        "updated_at": "2016-03-31T10:36:41.980Z"
    },
    "model": "activity.activity",
    "pk": 60
},
{
    "fields": {
        "created_at": "2016-03-31T10:36:56.230Z",
        "message": "edit task",
        "updated_by": [
            "cartman"
        ],
        "created_by": [
            "cartman"
        ],
        "updated_at": "2016-03-31T10:36:56.230Z"
    },
    "model": "activity.activity",
    "pk": 61
},
{
    "fields": {
        "created_at": "2016-03-31T10:36:56.234Z",
        "message": "edit task",
        "updated_by": [
            "cartman"
        ],
        "created_by": [
            "cartman"
        ],
        "updated_at": "2016-03-31T10:36:56.234Z"
    },
    "model": "activity.activity",
    "pk": 62
},
{
    "fields": {
        "created_at": "2016-03-31T10:36:56.390Z",
        "message": "edit project",
        "updated_by": [
            "cartman"
        ],
        "created_by": [
            "cartman"
        ],
        "updated_at": "2016-03-31T10:36:56.390Z"
    },
    "model": "activity.activity",
    "pk": 63
},
{
    "fields": {
        "created_at": "2016-03-31T10:37:58.275Z",
        "message": "edit task",
        "updated_by": [
            "cartman"
        ],
        "created_by": [
            "cartman"
        ],
        "updated_at": "2016-03-31T10:37:58.275Z"
    },
    "model": "activity.activity",
    "pk": 64
},
{
    "fields": {
        "created_at": "2016-03-31T10:37:58.280Z",
        "message": "edit task",
        "updated_by": [
            "cartman"
        ],
        "created_by": [
            "cartman"
        ],
        "updated_at": "2016-03-31T10:37:58.280Z"
    },
    "model": "activity.activity",
    "pk": 65
},
{
    "fields": {
        "created_at": "2016-03-31T10:37:58.411Z",
        "message": "edit project",
        "updated_by": [
            "cartman"
        ],
        "created_by": [
            "cartman"
        ],
        "updated_at": "2016-03-31T10:37:58.411Z"
    },
    "model": "activity.activity",
    "pk": 66
},
{
    "fields": {
        "created_at": "2016-03-31T10:41:00.206Z",
        "message": "edit task",
        "updated_by": [
            "cartman"
        ],
        "created_by": [
            "cartman"
        ],
        "updated_at": "2016-03-31T10:41:00.206Z"
    },
    "model": "activity.activity",
    "pk": 67
},
{
    "fields": {
        "created_at": "2016-03-31T10:41:00.211Z",
        "message": "edit task",
        "updated_by": [
            "cartman"
        ],
        "created_by": [
            "cartman"
        ],
        "updated_at": "2016-03-31T10:41:00.211Z"
    },
    "model": "activity.activity",
    "pk": 68
},
{
    "fields": {
        "created_at": "2016-03-31T10:41:00.378Z",
        "message": "edit project",
        "updated_by": [
            "cartman"
        ],
        "created_by": [
            "cartman"
        ],
        "updated_at": "2016-03-31T10:41:00.378Z"
    },
    "model": "activity.activity",
    "pk": 69
},
{
    "fields": {
        "created_at": "2016-03-31T10:41:16.841Z",
        "message": "edit task",
        "updated_by": [
            "cartman"
        ],
        "created_by": [
            "cartman"
        ],
        "updated_at": "2016-03-31T10:41:16.841Z"
    },
    "model": "activity.activity",
    "pk": 70
},
{
    "fields": {
        "created_at": "2016-03-31T10:41:16.843Z",
        "message": "edit task",
        "updated_by": [
            "cartman"
        ],
        "created_by": [
            "cartman"
        ],
        "updated_at": "2016-03-31T10:41:16.843Z"
    },
    "model": "activity.activity",
    "pk": 71
},
{
    "fields": {
        "created_at": "2016-03-31T10:41:17.025Z",
        "message": "edit project",
        "updated_by": [
            "cartman"
        ],
        "created_by": [
            "cartman"
        ],
        "updated_at": "2016-03-31T10:41:17.025Z"
    },
    "model": "activity.activity",
    "pk": 72
},
{
    "fields": {
        "created_at": "2016-03-31T10:43:01.291Z",
        "message": "edit task",
        "updated_by": [
            "cartman"
        ],
        "created_by": [
            "cartman"
        ],
        "updated_at": "2016-03-31T10:43:01.291Z"
    },
    "model": "activity.activity",
    "pk": 73
},
{
    "fields": {
        "created_at": "2016-03-31T10:43:01.293Z",
        "message": "edit task",
        "updated_by": [
            "cartman"
        ],
        "created_by": [
            "cartman"
        ],
        "updated_at": "2016-03-31T10:43:01.294Z"
    },
    "model": "activity.activity",
    "pk": 74
},
{
    "fields": {
        "created_at": "2016-03-31T10:43:01.452Z",
        "message": "edit project",
        "updated_by": [
            "cartman"
        ],
        "created_by": [
            "cartman"
        ],
        "updated_at": "2016-03-31T10:43:01.452Z"
    },
    "model": "activity.activity",
    "pk": 75
},
{
    "fields": {
        "created_at": "2016-03-31T10:43:31.155Z",
        "message": "edit task",
        "updated_by": [
            "cartman"
        ],
        "created_by": [
            "cartman"
        ],
        "updated_at": "2016-03-31T10:43:31.155Z"
    },
    "model": "activity.activity",
    "pk": 76
},
{
    "fields": {
        "created_at": "2016-03-31T10:43:31.158Z",
        "message": "edit task",
        "updated_by": [
            "cartman"
        ],
        "created_by": [
            "cartman"
        ],
        "updated_at": "2016-03-31T10:43:31.158Z"
    },
    "model": "activity.activity",
    "pk": 77
},
{
    "fields": {
        "created_at": "2016-03-31T10:43:31.306Z",
        "message": "edit project",
        "updated_by": [
            "cartman"
        ],
        "created_by": [
            "cartman"
        ],
        "updated_at": "2016-03-31T10:43:31.306Z"
    },
    "model": "activity.activity",
    "pk": 78
},
{
    "fields": {
        "created_at": "2016-03-31T11:25:35.028Z",
        "message": "edit task",
        "updated_by": [
            "cartman"
        ],
        "created_by": [
            "cartman"
        ],
        "updated_at": "2016-03-31T11:25:35.028Z"
    },
    "model": "activity.activity",
    "pk": 79
},
{
    "fields": {
        "created_at": "2016-03-31T11:25:35.033Z",
        "message": "edit task",
        "updated_by": [
            "cartman"
        ],
        "created_by": [
            "cartman"
        ],
        "updated_at": "2016-03-31T11:25:35.033Z"
    },
    "model": "activity.activity",
    "pk": 80
},
{
    "fields": {
        "created_at": "2016-03-31T11:25:35.184Z",
        "message": "edit project",
        "updated_by": [
            "cartman"
        ],
        "created_by": [
            "cartman"
        ],
        "updated_at": "2016-03-31T11:25:35.184Z"
    },
    "model": "activity.activity",
    "pk": 81
},
{
    "fields": {
        "created_at": "2016-03-31T11:25:35.226Z",
        "message": "edit project",
        "updated_by": [
            "cartman"
        ],
        "created_by": [
            "cartman"
        ],
        "updated_at": "2016-03-31T11:25:35.226Z"
    },
    "model": "activity.activity",
    "pk": 82
},
{
    "fields": {
        "created_at": "2016-03-31T13:06:54.611Z",
        "message": "edit task",
        "updated_by": [
            "cartman"
        ],
        "created_by": [
            "cartman"
        ],
        "updated_at": "2016-03-31T13:06:54.611Z"
    },
    "model": "activity.activity",
    "pk": 83
},
{
    "fields": {
        "created_at": "2016-03-31T13:06:54.614Z",
        "message": "edit task",
        "updated_by": [
            "cartman"
        ],
        "created_by": [
            "cartman"
        ],
        "updated_at": "2016-03-31T13:06:54.614Z"
    },
    "model": "activity.activity",
    "pk": 84
},
{
    "fields": {
        "created_at": "2016-03-31T13:06:54.790Z",
        "message": "edit project",
        "updated_by": [
            "cartman"
        ],
        "created_by": [
            "cartman"
        ],
        "updated_at": "2016-03-31T13:06:54.790Z"
    },
    "model": "activity.activity",
    "pk": 85
},
{
    "fields": {
        "created_at": "2016-03-31T13:06:54.878Z",
        "message": "edit project",
        "updated_by": [
            "cartman"
        ],
        "created_by": [
            "cartman"
        ],
        "updated_at": "2016-03-31T13:06:54.878Z"
    },
    "model": "activity.activity",
    "pk": 86
},
{
    "fields": {
        "status": "undefined",
        "name": "projecta",
        "date_finished": null,
        "created_at": "2016-03-02T10:56:37Z",
        "description": "eee",
        "visible_by": "undefined",
        "updated_at": "2016-03-31T13:06:54.869Z",
        "created_by": [
            "yura"
        ],
        "members": [
            [
                "yura"
            ],
            [
                "cartman"
            ]
        ],
        "activity": [
            1,
            4,
            8,
            9,
            16,
            17,
            21,
            24,
            27,
            30,
            33,
            36,
            39,
            42,
            45,
            48,
            51,
            54,
            57,
            63,
            66,
            69,
            72,
            75,
            78,
            81,
            82,
            85,
            86
        ],
        "date_started": "2016-03-01T10:56:19Z",
        "updated_by": [
            "cartman"
        ]
    },
    "model": "projects.project",
    "pk": 1
},
{
    "fields": {
        "status": "undefined",
        "name": "projectb",
        "date_finished": null,
        "created_at": "2016-03-02T10:56:37Z",
        "description": "bbbb",
        "visible_by": "undefined",
        "updated_at": "2016-03-31T10:36:41.913Z",
        "created_by": [
            "yura"
        ],
        "members": [
            [
                "yura2"
            ]
        ],
        "activity": [
            2,
            5,
            10,
            15,
            18,
            60
        ],
        "date_started": "2016-03-02T10:56:37Z",
        "updated_by": [
            "cartman"
        ]
    },
    "model": "projects.project",
    "pk": 2
},
{
    "fields": {
        "status": "undefined",
        "name": "projectc",
        "date_finished": null,
        "created_at": "2016-03-02T10:56:37Z",
        "description": "aaa",
        "visible_by": "undefined",
        "updated_at": "2016-03-02T10:56:37Z",
        "created_by": [
            "cartman"
        ],
        "members": [],
        "activity": [
            3,
            6,
            7,
            11,
            14
        ],
        "date_started": "2016-03-03T10:57:11Z",
        "updated_by": null
    },
    "model": "projects.project",
    "pk": 3
},
{
    "fields": {
        "status": "undefined",
        "name": "projecta",
        "date_finished": null,
        "created_at": "2016-03-02T10:56:37Z",
        "description": "aa",
        "visible_by": "undefined",
        "updated_at": "2016-03-02T10:56:37Z",
        "created_by": null,
        "members": [],
        "activity": [
            12,
            13
        ],
        "date_started": "2016-03-30T14:17:49Z",
        "updated_by": null
    },
    "model": "projects.project",
    "pk": 4
},
{
    "fields": {
        "status": "undefined",
        "estimate_minutes": null,
        "group": null,
        "name": "task1",
        "created_at": "2016-03-18T10:57:49.589Z",
        "description": "",
        "updated_at": "2016-03-31T13:06:54.610Z",
        "created_by": ["cartman"],
        "label": "undefined",
        "project": 1,
        "deadline_date": "2016-03-06T10:57:47Z",
        "members": [],
        "activity": [
            19,
            22,
            25,
            28,
            31,
            34,
            37,
            40,
            43,
            46,
            49,
            52,
            55,
            61,
            64,
            67,
            70,
            73,
            76,
            79,
            83
        ],
        "type": "undefined",
        "updated_by": [
            "cartman"
        ]
    },
    "model": "projects.task",
    "pk": 1
},
{
    "fields": {
        "status": "undefined",
        "estimate_minutes": null,
        "group": null,
        "name": "task2",
        "created_at": "2016-03-18T10:58:31.790Z",
        "description": "",
        "updated_at": "2016-03-31T13:06:54.613Z",
        "created_by": null,
        "label": "undefined",
        "project": 1,
        "deadline_date": "2016-03-07T10:58:29Z",
        "members": [],
        "activity": [
            20,
            23,
            26,
            29,
            32,
            35,
            38,
            41,
            44,
            47,
            50,
            53,
            56,
            62,
            65,
            68,
            71,
            74,
            77,
            80,
            84
        ],
        "type": "undefined",
        "updated_by": [
            "cartman"
        ]
    },
    "model": "projects.task",
    "pk": 2
},
{
    "fields": {
        "status": "undefined",
        "estimate_minutes": null,
        "group": null,
        "name": "task3",
        "created_at": "2016-03-18T10:59:14.494Z",
        "description": "",
        "updated_at": "2016-03-02T10:56:37Z",
        "created_by": null,
        "label": "undefined",
        "project": 3,
        "deadline_date": "2016-03-07T10:59:12Z",
        "members": [],
        "activity": [],
        "type": "undefined",
        "updated_by": null
    },
    "model": "projects.task",
    "pk": 3
},
{
    "fields": {
        "status": "undefined",
        "estimate_minutes": null,
        "group": null,
        "name": "task4",
        "created_at": "2016-03-18T11:07:19.325Z",
        "description": "",
        "updated_at": "2016-03-31T10:36:41.804Z",
        "created_by": null,
        "label": "undefined",
        "project": 2,
        "deadline_date": "2016-03-23T11:07:17Z",
        "members": [],
        "activity": [
            58
        ],
        "type": "undefined",
        "updated_by": [
            "cartman"
        ]
    },
    "model": "projects.task",
    "pk": 4
},
{
    "fields": {
        "status": "undefined",
        "estimate_minutes": null,
        "group": null,
        "name": "task5",
        "created_at": "2016-03-18T11:10:21.110Z",
        "description": "",
        "updated_at": "2016-03-31T10:36:41.809Z",
        "created_by": null,
        "label": "undefined",
        "project": 2,
        "deadline_date": "2016-03-31T11:11:22Z",
        "members": [],
        "activity": [
            59
        ],
        "type": "undefined",
        "updated_by": [
            "cartman"
        ]
    },
    "model": "projects.task",
    "pk": 5
},
{
    "fields": {
        "verified": true,
        "user": [
            "user"
        ],
        "primary": true,
        "email": "yuriy_z@list.ru"
    },
    "model": "account.emailaddress",
    "pk": 1
},
{
    "fields": {
        "verified": true,
        "user": [
            "['super_hero']"
        ],
        "primary": true,
        "email": "['hero@test.com']"
    },
    "model": "account.emailaddress",
    "pk": 2
},
{
    "fields": {
        "verified": true,
        "user": [
            "['super_hero1']"
        ],
        "primary": true,
        "email": "['hero1@test.com']"
    },
    "model": "account.emailaddress",
    "pk": 3
},
{
    "fields": {
        "verified": true,
        "user": [
            "['super_hero2']"
        ],
        "primary": true,
        "email": "['hero2@test.com']"
    },
    "model": "account.emailaddress",
    "pk": 4
},
{
    "fields": {
        "verified": true,
        "user": [
            "['super_hero3']"
        ],
        "primary": true,
        "email": "['hero3@test.com']"
    },
    "model": "account.emailaddress",
    "pk": 5
},
{
    "fields": {
        "verified": true,
        "user": [
            "['super_hero4']"
        ],
        "primary": true,
        "email": "['hero4@test.com']"
    },
    "model": "account.emailaddress",
    "pk": 6
},
{
    "fields": {
        "verified": true,
        "user": [
            "hero5"
        ],
        "primary": true,
        "email": "hero5@test.com"
    },
    "model": "account.emailaddress",
    "pk": 7
},
{
    "fields": {
        "verified": true,
        "user": [
            "hero6"
        ],
        "primary": true,
        "email": "hero6@test.com"
    },
    "model": "account.emailaddress",
    "pk": 8
},
{
    "fields": {
        "verified": true,
        "user": [
            "cartman"
        ],
        "primary": true,
        "email": "eric@test.com"
    },
    "model": "account.emailaddress",
    "pk": 9
},
{
    "fields": {
        "verified": true,
        "user": [
            "kenny"
        ],
        "primary": true,
        "email": "kenny@test.com"
    },
    "model": "account.emailaddress",
    "pk": 10
},
{
    "fields": {
        "verified": true,
        "user": [
            "johny"
        ],
        "primary": true,
        "email": "jonny.john2017@yandex.ru"
    },
    "model": "account.emailaddress",
    "pk": 11
},
{
    "fields": {
        "verified": false,
        "user": [
            "admin"
        ],
        "primary": true,
        "email": "test@test.com"
    },
    "model": "account.emailaddress",
    "pk": 12
},
{
    "fields": {
        "verified": false,
        "user": [
            "hero7"
        ],
        "primary": true,
        "email": "test1@test.com"
    },
    "model": "account.emailaddress",
    "pk": 13
},
{
    "fields": {
        "verified": false,
        "user": [
            "\u0435\u044b\u0435"
        ],
        "primary": true,
        "email": "tst@test.com"
    },
    "model": "account.emailaddress",
    "pk": 14
},
{
    "fields": {
        "user": [
            "hero7"
        ],
        "created": "2016-03-30T12:53:14.663Z"
    },
    "model": "authtoken.token",
    "pk": "6469ad8e8f58f2b3efcef7313d328ba039ae4df0"
},
{
    "fields": {
        "user": [
            "\u0435\u044b\u0435"
        ],
        "created": "2016-03-30T12:53:46.634Z"
    },
    "model": "authtoken.token",
    "pk": "c1c867205fccd477fc4a55f01b4ed453452d3652"
},
{
    "fields": {
        "user": [
            "admin"
        ],
        "created": "2016-03-30T12:52:48.616Z"
    },
    "model": "authtoken.token",
    "pk": "c9dc929a0008adb52a0bb4e42a70a239fcf28919"
},
{
    "fields": {
        "user": [
            "cartman"
        ],
        "created": "2016-03-31T07:57:03.758Z"
    },
    "model": "authtoken.token",
    "pk": "d43f0a5a6e617fb6c75f541c634c59981dc44834"
}
]
