[
{
    "fields": {
        "domain": "worddict.net:81",
        "name": "worddict.net:81"
    },
    "model": "sites.site",
    "pk": 1
},
{
    "fields": {
        "domain": "127.0.0.1:8000",
        "name": "127.0.0.1:8000"
    },
    "model": "sites.site",
    "pk": 2
},
{
    "fields": {
        "domain": "worddict.net:82",
        "name": "worddict.net:82"
    },
    "model": "sites.site",
    "pk": 3
},
{
    "fields": {
        "email_address": 1,
        "key": "r79qv3gfjoicdzswqxawmrlfhrxvtivvffqld6garfyuxhfpmoum1rgpk8em7lwa",
        "sent": "2016-03-30T14:13:45.197Z",
        "created": "2016-03-30T14:13:44.222Z"
    },
    "model": "account.emailconfirmation",
    "pk": 1
},
{
    "fields": {
        "username": "yura",
        "first_name": "yura",
        "last_name": "",
        "specialization": "",
        "user_permissions": [],
        "photo": "",
        "is_active": true,
        "is_superuser": true,
        "is_staff": true,
        "last_login": "2016-04-07T13:46:31.691Z",
        "groups": [],
        "department": "",
        "detailed_info": "",
        "password": "pbkdf2_sha256$20000$rmZ0p4SIhTBM$KHHLBpPoFMBJCxKlECmIyF66AAgG6aST2doeXnZjSv0=",
        "use_gravatar": true,
        "email": "yura@example.com",
        "date_joined": "2016-03-18T09:54:08.108Z"
    },
    "model": "users.trololouser",
    "pk": 1
},
{
    "fields": {
        "username": "yura2",
        "first_name": "",
        "last_name": "",
        "specialization": "",
        "user_permissions": [],
        "photo": "",
        "is_active": true,
        "is_superuser": true,
        "is_staff": true,
        "last_login": null,
        "groups": [],
        "department": "",
        "detailed_info": "",
        "password": "pbkdf2_sha256$20000$HJZhVg5FL5gQ$BZN4D/QNTf7lAi652HM+P11NUTYP9d8uOyTI9zw4hm8=",
        "use_gravatar": false,
        "email": "yura2@example.com",
        "date_joined": "2016-03-18T13:25:38.429Z"
    },
    "model": "users.trololouser",
    "pk": 2
},
{
    "fields": {
        "username": "senetskiy",
        "first_name": "",
        "last_name": "",
        "specialization": "",
        "user_permissions": [],
        "photo": "",
        "is_active": true,
        "is_superuser": false,
        "is_staff": false,
        "last_login": "2016-04-07T13:46:11.417Z",
        "groups": [],
        "department": "",
        "detailed_info": "",
        "password": "pbkdf2_sha256$20000$Murlh3qd6MXm$sT4BeOk+G7Q3fS5hUxzrlqWWgrLRbOkti4Y3CBu83oo=",
        "use_gravatar": true,
        "email": "dikov.yury@gmail.com",
        "date_joined": "2016-03-30T14:13:44.086Z"
    },
    "model": "users.trololouser",
    "pk": 3
},
{
    "fields": {
        "created_at": "2016-03-18T10:56:21.891Z",
        "message": "create new project \"project1\"",
        "updated_by": [
            "yura"
        ],
        "created_by": [
            "yura"
        ],
        "updated_at": "2016-03-18T10:56:21.891Z"
    },
    "model": "activity.activity",
    "pk": 1
},
{
    "fields": {
        "created_at": "2016-03-18T10:56:40.382Z",
        "message": "create new project \"project2\"",
        "updated_by": [
            "yura"
        ],
        "created_by": [
            "yura"
        ],
        "updated_at": "2016-03-18T10:56:40.382Z"
    },
    "model": "activity.activity",
    "pk": 2
},
{
    "fields": {
        "created_at": "2016-03-18T10:57:12.808Z",
        "message": "create new project \"project3\"",
        "updated_by": [
            "yura"
        ],
        "created_by": [
            "yura"
        ],
        "updated_at": "2016-03-18T10:57:12.808Z"
    },
    "model": "activity.activity",
    "pk": 3
},
{
    "fields": {
        "created_at": "2016-03-18T13:30:49.324Z",
        "message": "edit project \"project1\"",
        "updated_by": [
            "yura"
        ],
        "created_by": [
            "yura"
        ],
        "updated_at": "2016-03-18T13:30:49.324Z"
    },
    "model": "activity.activity",
    "pk": 4
},
{
    "fields": {
        "created_at": "2016-03-18T13:30:55.248Z",
        "message": "edit project \"project2\"",
        "updated_by": [
            "yura"
        ],
        "created_by": [
            "yura"
        ],
        "updated_at": "2016-03-18T13:30:55.248Z"
    },
    "model": "activity.activity",
    "pk": 5
},
{
    "fields": {
        "created_at": "2016-03-18T13:31:00.827Z",
        "message": "edit project \"project3\"",
        "updated_by": [
            "yura"
        ],
        "created_by": [
            "yura"
        ],
        "updated_at": "2016-03-18T13:31:00.828Z"
    },
    "model": "activity.activity",
    "pk": 6
},
{
    "fields": {
        "created_at": "2016-03-18T13:31:48.716Z",
        "message": "edit project \"project3\"",
        "updated_by": [
            "yura"
        ],
        "created_by": [
            "yura"
        ],
        "updated_at": "2016-03-18T13:31:48.716Z"
    },
    "model": "activity.activity",
    "pk": 7
},
{
    "fields": {
        "created_at": "2016-03-18T14:07:49.809Z",
        "message": "edit project \"project1\"",
        "updated_by": [
            "yura"
        ],
        "created_by": [
            "yura"
        ],
        "updated_at": "2016-03-18T14:07:49.809Z"
    },
    "model": "activity.activity",
    "pk": 8
},
{
    "fields": {
        "created_at": "2016-03-18T14:08:05.602Z",
        "message": "edit project \"projecta\"",
        "updated_by": [
            "yura"
        ],
        "created_by": [
            "yura"
        ],
        "updated_at": "2016-03-18T14:08:05.602Z"
    },
    "model": "activity.activity",
    "pk": 9
},
{
    "fields": {
        "created_at": "2016-03-18T14:08:13.143Z",
        "message": "edit project \"projectb\"",
        "updated_by": [
            "yura"
        ],
        "created_by": [
            "yura"
        ],
        "updated_at": "2016-03-18T14:08:13.143Z"
    },
    "model": "activity.activity",
    "pk": 10
},
{
    "fields": {
        "created_at": "2016-03-18T14:08:20.317Z",
        "message": "edit project \"projectc\"",
        "updated_by": [
            "yura"
        ],
        "created_by": [
            "yura"
        ],
        "updated_at": "2016-03-18T14:08:20.317Z"
    },
    "model": "activity.activity",
    "pk": 11
},
{
    "fields": {
        "created_at": "2016-03-18T14:17:50.872Z",
        "message": "create new project \"projecta\"",
        "updated_by": [
            "yura"
        ],
        "created_by": [
            "yura"
        ],
        "updated_at": "2016-03-18T14:17:50.872Z"
    },
    "model": "activity.activity",
    "pk": 12
},
{
    "fields": {
        "created_at": "2016-03-18T14:52:03.568Z",
        "message": "edit project \"projecta\"",
        "updated_by": [
            "yura"
        ],
        "created_by": [
            "yura"
        ],
        "updated_at": "2016-03-18T14:52:03.568Z"
    },
    "model": "activity.activity",
    "pk": 13
},
{
    "fields": {
        "created_at": "2016-03-18T14:52:11.539Z",
        "message": "edit project \"projectc\"",
        "updated_by": [
            "yura"
        ],
        "created_by": [
            "yura"
        ],
        "updated_at": "2016-03-18T14:52:11.539Z"
    },
    "model": "activity.activity",
    "pk": 14
},
{
    "fields": {
        "created_at": "2016-03-18T14:52:23.235Z",
        "message": "edit project \"projectb\"",
        "updated_by": [
            "yura"
        ],
        "created_by": [
            "yura"
        ],
        "updated_at": "2016-03-18T14:52:23.235Z"
    },
    "model": "activity.activity",
    "pk": 15
},
{
    "fields": {
        "created_at": "2016-03-18T14:52:30.407Z",
        "message": "edit project \"projecta\"",
        "updated_by": [
            "yura"
        ],
        "created_by": [
            "yura"
        ],
        "updated_at": "2016-03-18T14:52:30.407Z"
    },
    "model": "activity.activity",
    "pk": 16
},
{
    "fields": {
        "created_at": "2016-03-22T12:22:25.794Z",
        "message": "edit project",
        "updated_by": null,
        "created_by": null,
        "updated_at": "2016-03-22T12:22:25.794Z"
    },
    "model": "activity.activity",
    "pk": 17
},
{
    "fields": {
        "created_at": "2016-03-22T12:56:54.253Z",
        "message": "edit project",
        "updated_by": null,
        "created_by": null,
        "updated_at": "2016-03-22T12:56:54.254Z"
    },
    "model": "activity.activity",
    "pk": 18
},
{
    "fields": {
        "created_at": "2016-03-28T09:12:36.029Z",
        "message": "create new project \"task6\"",
        "updated_by": [
            "yura"
        ],
        "created_by": [
            "yura"
        ],
        "updated_at": "2016-03-28T09:12:36.029Z"
    },
    "model": "activity.activity",
    "pk": 19
},
{
    "fields": {
        "created_at": "2016-03-31T12:40:58.589Z",
        "message": "edit task",
        "updated_by": [
            "yura"
        ],
        "created_by": [
            "yura"
        ],
        "updated_at": "2016-03-31T12:40:58.589Z"
    },
    "model": "activity.activity",
    "pk": 20
},
{
    "fields": {
        "created_at": "2016-03-31T12:40:58.597Z",
        "message": "edit task",
        "updated_by": [
            "yura"
        ],
        "created_by": [
            "yura"
        ],
        "updated_at": "2016-03-31T12:40:58.597Z"
    },
    "model": "activity.activity",
    "pk": 21
},
{
    "fields": {
        "created_at": "2016-03-31T12:40:58.606Z",
        "message": "edit task",
        "updated_by": [
            "yura"
        ],
        "created_by": [
            "yura"
        ],
        "updated_at": "2016-03-31T12:40:58.606Z"
    },
    "model": "activity.activity",
    "pk": 22
},
{
    "fields": {
        "created_at": "2016-03-31T12:40:58.638Z",
        "message": "edit project",
        "updated_by": [
            "yura"
        ],
        "created_by": [
            "yura"
        ],
        "updated_at": "2016-03-31T12:40:58.638Z"
    },
    "model": "activity.activity",
    "pk": 23
},
{
    "fields": {
        "created_at": "2016-03-31T12:42:55.285Z",
        "message": "edit task",
        "updated_by": [
            "yura"
        ],
        "created_by": [
            "yura"
        ],
        "updated_at": "2016-03-31T12:42:55.285Z"
    },
    "model": "activity.activity",
    "pk": 24
},
{
    "fields": {
        "created_at": "2016-03-31T12:42:55.294Z",
        "message": "edit task",
        "updated_by": [
            "yura"
        ],
        "created_by": [
            "yura"
        ],
        "updated_at": "2016-03-31T12:42:55.294Z"
    },
    "model": "activity.activity",
    "pk": 25
},
{
    "fields": {
        "created_at": "2016-03-31T12:42:55.303Z",
        "message": "edit task",
        "updated_by": [
            "yura"
        ],
        "created_by": [
            "yura"
        ],
        "updated_at": "2016-03-31T12:42:55.303Z"
    },
    "model": "activity.activity",
    "pk": 26
},
{
    "fields": {
        "created_at": "2016-03-31T12:42:55.352Z",
        "message": "edit project",
        "updated_by": [
            "yura"
        ],
        "created_by": [
            "yura"
        ],
        "updated_at": "2016-03-31T12:42:55.352Z"
    },
    "model": "activity.activity",
    "pk": 27
},
{
    "fields": {
        "created_at": "2016-03-31T12:43:17.961Z",
        "message": "edit task",
        "updated_by": [
            "yura"
        ],
        "created_by": [
            "yura"
        ],
        "updated_at": "2016-03-31T12:43:17.961Z"
    },
    "model": "activity.activity",
    "pk": 28
},
{
    "fields": {
        "created_at": "2016-03-31T12:43:17.968Z",
        "message": "edit task",
        "updated_by": [
            "yura"
        ],
        "created_by": [
            "yura"
        ],
        "updated_at": "2016-03-31T12:43:17.968Z"
    },
    "model": "activity.activity",
    "pk": 29
},
{
    "fields": {
        "created_at": "2016-03-31T12:43:18.011Z",
        "message": "edit project",
        "updated_by": [
            "yura"
        ],
        "created_by": [
            "yura"
        ],
        "updated_at": "2016-03-31T12:43:18.011Z"
    },
    "model": "activity.activity",
    "pk": 30
},
{
    "fields": {
        "created_at": "2016-03-31T12:44:23.568Z",
        "message": "edit task",
        "updated_by": [
            "yura"
        ],
        "created_by": [
            "yura"
        ],
        "updated_at": "2016-03-31T12:44:23.568Z"
    },
    "model": "activity.activity",
    "pk": 31
},
{
    "fields": {
        "created_at": "2016-03-31T12:44:23.575Z",
        "message": "edit task",
        "updated_by": [
            "yura"
        ],
        "created_by": [
            "yura"
        ],
        "updated_at": "2016-03-31T12:44:23.576Z"
    },
    "model": "activity.activity",
    "pk": 32
},
{
    "fields": {
        "created_at": "2016-03-31T12:44:23.582Z",
        "message": "edit task",
        "updated_by": [
            "yura"
        ],
        "created_by": [
            "yura"
        ],
        "updated_at": "2016-03-31T12:44:23.582Z"
    },
    "model": "activity.activity",
    "pk": 33
},
{
    "fields": {
        "created_at": "2016-03-31T12:44:23.626Z",
        "message": "edit project",
        "updated_by": [
            "yura"
        ],
        "created_by": [
            "yura"
        ],
        "updated_at": "2016-03-31T12:44:23.626Z"
    },
    "model": "activity.activity",
    "pk": 34
},
{
    "fields": {
        "created_at": "2016-03-31T13:22:42.248Z",
        "message": "create new project \"\"",
        "updated_by": [
            "senetskiy"
        ],
        "created_by": [
            "senetskiy"
        ],
        "updated_at": "2016-03-31T13:22:42.248Z"
    },
    "model": "activity.activity",
    "pk": 35
},
{
    "fields": {
        "created_at": "2016-03-31T13:23:38.156Z",
        "message": "create new project \"\"",
        "updated_by": [
            "senetskiy"
        ],
        "created_by": [
            "senetskiy"
        ],
        "updated_at": "2016-03-31T13:23:38.156Z"
    },
    "model": "activity.activity",
    "pk": 36
},
{
    "fields": {
        "created_at": "2016-03-31T13:24:02.788Z",
        "message": "create new project \"\"",
        "updated_by": [
            "senetskiy"
        ],
        "created_by": [
            "senetskiy"
        ],
        "updated_at": "2016-03-31T13:24:02.788Z"
    },
    "model": "activity.activity",
    "pk": 37
},
{
    "fields": {
        "created_at": "2016-03-31T13:52:12.149Z",
        "message": "create new task \"\"",
        "updated_by": [
            "yura"
        ],
        "created_by": [
            "yura"
        ],
        "updated_at": "2016-03-31T13:52:12.150Z"
    },
    "model": "activity.activity",
    "pk": 38
},
{
    "fields": {
        "created_at": "2016-03-31T13:52:30.533Z",
        "message": "create new task \"\"",
        "updated_by": [
            "yura"
        ],
        "created_by": [
            "yura"
        ],
        "updated_at": "2016-03-31T13:52:30.533Z"
    },
    "model": "activity.activity",
    "pk": 39
},
{
    "fields": {
        "created_at": "2016-03-31T13:54:07.914Z",
        "message": "create new task \"\"",
        "updated_by": [
            "yura"
        ],
        "created_by": [
            "yura"
        ],
        "updated_at": "2016-03-31T13:54:07.914Z"
    },
    "model": "activity.activity",
    "pk": 40
},
{
    "fields": {
        "created_at": "2016-04-05T10:07:10.658Z",
        "message": "create new project \"\"",
        "updated_by": [
            "yura"
        ],
        "created_by": [
            "yura"
        ],
        "updated_at": "2016-04-05T10:07:10.658Z"
    },
    "model": "activity.activity",
    "pk": 41
},
{
    "fields": {
        "created_at": "2016-04-05T10:07:10.768Z",
        "message": "edit task",
        "updated_by": [
            "yura"
        ],
        "created_by": [
            "yura"
        ],
        "updated_at": "2016-04-05T10:07:10.768Z"
    },
    "model": "activity.activity",
    "pk": 42
},
{
    "fields": {
        "created_at": "2016-04-05T10:07:56.098Z",
        "message": "create new project \"west\"",
        "updated_by": [
            "yura"
        ],
        "created_by": [
            "yura"
        ],
        "updated_at": "2016-04-05T10:07:56.098Z"
    },
    "model": "activity.activity",
    "pk": 43
},
{
    "fields": {
        "created_at": "2016-04-05T10:07:56.180Z",
        "message": "edit task",
        "updated_by": [
            "yura"
        ],
        "created_by": [
            "yura"
        ],
        "updated_at": "2016-04-05T10:07:56.180Z"
    },
    "model": "activity.activity",
    "pk": 44
},
{
    "fields": {
        "created_at": "2016-04-05T10:39:07.514Z",
        "message": "create new project \"capitane\"",
        "updated_by": [
            "yura"
        ],
        "created_by": [
            "yura"
        ],
        "updated_at": "2016-04-05T10:39:07.514Z"
    },
    "model": "activity.activity",
    "pk": 45
},
{
    "fields": {
        "created_at": "2016-04-05T10:39:26.787Z",
        "message": "edit project",
        "updated_by": [
            "yura"
        ],
        "created_by": [
            "yura"
        ],
        "updated_at": "2016-04-05T10:39:26.787Z"
    },
    "model": "activity.activity",
    "pk": 46
},
{
    "fields": {
        "created_at": "2016-04-05T10:44:50.409Z",
        "message": "create new project \"street\"",
        "updated_by": [
            "senetskiy"
        ],
        "created_by": [
            "senetskiy"
        ],
        "updated_at": "2016-04-05T10:44:50.409Z"
    },
    "model": "activity.activity",
    "pk": 47
},
{
    "fields": {
        "created_at": "2016-04-05T13:52:18.519Z",
        "message": "create new task \"eeeeee\"",
        "updated_by": [
            "senetskiy"
        ],
        "created_by": [
            "senetskiy"
        ],
        "updated_at": "2016-04-05T13:52:18.519Z"
    },
    "model": "activity.activity",
    "pk": 48
},
{
    "fields": {
        "created_at": "2016-04-06T08:58:34.536Z",
        "message": "create new task \"rrrrrrrr\"",
        "updated_by": [
            "senetskiy"
        ],
        "created_by": [
            "senetskiy"
        ],
        "updated_at": "2016-04-06T08:58:34.537Z"
    },
    "model": "activity.activity",
    "pk": 49
},
{
    "fields": {
        "created_at": "2016-04-06T09:00:46.064Z",
        "message": "create new task \"rrrrrrrr\"",
        "updated_by": [
            "senetskiy"
        ],
        "created_by": [
            "senetskiy"
        ],
        "updated_at": "2016-04-06T09:00:46.064Z"
    },
    "model": "activity.activity",
    "pk": 50
},
{
    "fields": {
        "created_at": "2016-04-06T09:00:46.156Z",
        "message": "edit task",
        "updated_by": [
            "senetskiy"
        ],
        "created_by": [
            "senetskiy"
        ],
        "updated_at": "2016-04-06T09:00:46.156Z"
    },
    "model": "activity.activity",
    "pk": 51
},
{
    "fields": {
        "created_at": "2016-04-06T09:10:53.972Z",
        "message": "create new task \"rr\"",
        "updated_by": [
            "senetskiy"
        ],
        "created_by": [
            "senetskiy"
        ],
        "updated_at": "2016-04-06T09:10:53.972Z"
    },
    "model": "activity.activity",
    "pk": 52
},
{
    "fields": {
        "created_at": "2016-04-06T09:10:54.068Z",
        "message": "edit task",
        "updated_by": [
            "senetskiy"
        ],
        "created_by": [
            "senetskiy"
        ],
        "updated_at": "2016-04-06T09:10:54.068Z"
    },
    "model": "activity.activity",
    "pk": 53
},
{
    "fields": {
        "created_at": "2016-04-06T09:12:48.083Z",
        "message": "create new task \"rr\"",
        "updated_by": [
            "senetskiy"
        ],
        "created_by": [
            "senetskiy"
        ],
        "updated_at": "2016-04-06T09:12:48.083Z"
    },
    "model": "activity.activity",
    "pk": 54
},
{
    "fields": {
        "created_at": "2016-04-06T09:12:48.165Z",
        "message": "edit task",
        "updated_by": [
            "senetskiy"
        ],
        "created_by": [
            "senetskiy"
        ],
        "updated_at": "2016-04-06T09:12:48.165Z"
    },
    "model": "activity.activity",
    "pk": 55
},
{
    "fields": {
        "created_at": "2016-04-07T14:31:52.917Z",
        "message": "create new commenteeefor projectprojecta",
        "updated_by": [
            "yura"
        ],
        "created_by": [
            "yura"
        ],
        "updated_at": "2016-04-07T14:31:52.917Z"
    },
    "model": "activity.activity",
    "pk": 56
},
{
    "fields": {
        "created_at": "2016-04-07T14:34:09.936Z",
        "message": "create new commentrrfor projectprojecta",
        "updated_by": [
            "yura"
        ],
        "created_by": [
            "yura"
        ],
        "updated_at": "2016-04-07T14:34:09.936Z"
    },
    "model": "activity.activity",
    "pk": 57
},
{
    "fields": {
        "created_at": "2016-04-07T14:38:18.473Z",
        "message": "create new commentsertgfor projectprojecta",
        "updated_by": [
            "yura"
        ],
        "created_by": [
            "yura"
        ],
        "updated_at": "2016-04-07T14:38:18.473Z"
    },
    "model": "activity.activity",
    "pk": 58
},
{
    "fields": {
        "created_at": "2016-04-07T14:39:08.119Z",
        "message": "create new commentyyfor projectprojecta",
        "updated_by": [
            "yura"
        ],
        "created_by": [
            "yura"
        ],
        "updated_at": "2016-04-07T14:39:08.119Z"
    },
    "model": "activity.activity",
    "pk": 59
},
{
    "fields": {
        "created_at": "2016-04-07T14:57:20.074Z",
        "message": "create new commenterfor projectprojecta",
        "updated_by": [
            "yura"
        ],
        "created_by": [
            "yura"
        ],
        "updated_at": "2016-04-07T14:57:20.074Z"
    },
    "model": "activity.activity",
    "pk": 60
},
{
    "fields": {
        "created_at": "2016-04-07T15:21:54.114Z",
        "message": "create new comment34for projectprojecta",
        "updated_by": [
            "yura"
        ],
        "created_by": [
            "yura"
        ],
        "updated_at": "2016-04-07T15:21:54.114Z"
    },
    "model": "activity.activity",
    "pk": 61
},
{
    "fields": {
        "created_at": "2016-04-07T15:51:36.210Z",
        "message": "create new commentfffor projectstreet",
        "updated_by": [
            "yura"
        ],
        "created_by": [
            "yura"
        ],
        "updated_at": "2016-04-07T15:51:36.210Z"
    },
    "model": "activity.activity",
    "pk": 62
},
{
    "fields": {
        "created_at": "2016-04-08T09:07:50.896Z",
        "message": "create new commenttyyyfor projectprojectb",
        "updated_by": [
            "yura"
        ],
        "created_by": [
            "yura"
        ],
        "updated_at": "2016-04-08T09:07:50.896Z"
    },
    "model": "activity.activity",
    "pk": 63
},
{
    "fields": {
        "created_at": "2016-04-08T09:27:35.956Z",
        "message": "edit comment",
        "updated_by": [
            "yura"
        ],
        "created_by": [
            "yura"
        ],
        "updated_at": "2016-04-08T09:27:35.956Z"
    },
    "model": "activity.activity",
    "pk": 64
},
{
    "fields": {
        "created_at": "2016-04-08T10:29:18.316Z",
        "message": "create new commentbhdfor projectprojecta",
        "updated_by": [
            "yura"
        ],
        "created_by": [
            "yura"
        ],
        "updated_at": "2016-04-08T10:29:18.316Z"
    },
    "model": "activity.activity",
    "pk": 65
},
{
    "fields": {
        "created_at": "2016-04-08T11:06:53.870Z",
        "message": "create new commentbhdfor projectprojecta",
        "updated_by": [
            "yura"
        ],
        "created_by": [
            "yura"
        ],
        "updated_at": "2016-04-08T11:06:53.870Z"
    },
    "model": "activity.activity",
    "pk": 66
},
{
    "fields": {
        "created_at": "2016-04-08T11:10:48.878Z",
        "message": "create new commentbhdfor projectprojecta",
        "updated_by": [
            "yura"
        ],
        "created_by": [
            "yura"
        ],
        "updated_at": "2016-04-08T11:10:48.879Z"
    },
    "model": "activity.activity",
    "pk": 67
},
{
    "fields": {
        "created_at": "2016-04-08T11:36:53.896Z",
        "message": "create new commentbhdfor projectprojecta",
        "updated_by": [
            "yura"
        ],
        "created_by": [
            "yura"
        ],
        "updated_at": "2016-04-08T11:36:53.896Z"
    },
    "model": "activity.activity",
    "pk": 68
},
{
    "fields": {
        "created_at": "2016-04-08T11:37:10.541Z",
        "message": "create new commentrrrrfor projectprojecta",
        "updated_by": [
            "yura"
        ],
        "created_by": [
            "yura"
        ],
        "updated_at": "2016-04-08T11:37:10.541Z"
    },
    "model": "activity.activity",
    "pk": 69
},
{
    "fields": {
        "created_at": "2016-04-08T13:58:33.953Z",
        "message": "create new commenttyyyyyyyyyyyyyyyyyyyyyyyyyyyyyyyyyfor projectprojecta",
        "updated_by": [
            "yura"
        ],
        "created_by": [
            "yura"
        ],
        "updated_at": "2016-04-08T13:58:33.953Z"
    },
    "model": "activity.activity",
    "pk": 70
},
{
    "fields": {
        "created_at": "2016-04-08T15:32:07.154Z",
        "message": "edit task",
        "updated_by": [
            "yura"
        ],
        "created_by": [
            "yura"
        ],
        "updated_at": "2016-04-08T15:32:07.154Z"
    },
    "model": "activity.activity",
    "pk": 71
},
{
    "fields": {
        "created_at": "2016-04-08T15:32:07.202Z",
        "message": "edit task",
        "updated_by": [
            "yura"
        ],
        "created_by": [
            "yura"
        ],
        "updated_at": "2016-04-08T15:32:07.203Z"
    },
    "model": "activity.activity",
    "pk": 72
},
{
    "fields": {
        "created_at": "2016-04-08T15:58:29.934Z",
        "message": "edit commentComment:4 ==> 5555555555555555555",
        "updated_by": [
            "yura"
        ],
        "created_by": [
            "yura"
        ],
        "updated_at": "2016-04-08T15:58:29.934Z"
    },
    "model": "activity.activity",
    "pk": 73
},
{
    "fields": {
        "created_at": "2016-04-11T09:59:09.893Z",
        "message": "create new task \"tasks 9\"",
        "updated_by": [
            "yura"
        ],
        "created_by": [
            "yura"
        ],
        "updated_at": "2016-04-11T09:59:09.893Z"
    },
    "model": "activity.activity",
    "pk": 74
},
{
    "fields": {
        "created_at": "2016-04-11T09:59:09.965Z",
        "message": "edit task",
        "updated_by": [
            "yura"
        ],
        "created_by": [
            "yura"
        ],
        "updated_at": "2016-04-11T09:59:09.965Z"
    },
    "model": "activity.activity",
    "pk": 75
},
{
    "fields": {
        "created_at": "2016-04-11T10:44:10.045Z",
        "message": "create new task \"task 10\"",
        "updated_by": [
            "yura"
        ],
        "created_by": [
            "yura"
        ],
        "updated_at": "2016-04-11T10:44:10.045Z"
    },
    "model": "activity.activity",
    "pk": 76
},
{
    "fields": {
        "created_at": "2016-04-11T10:44:10.063Z",
        "message": "edit task",
        "updated_by": [
            "yura"
        ],
        "created_by": [
            "yura"
        ],
        "updated_at": "2016-04-11T10:44:10.063Z"
    },
    "model": "activity.activity",
    "pk": 77
},
{
    "fields": {
        "created_at": "2016-04-11T10:50:18.700Z",
        "message": "create new commentedfor projectprojecta",
        "updated_by": [
            "yura"
        ],
        "created_by": [
            "yura"
        ],
        "updated_at": "2016-04-11T10:50:18.700Z"
    },
    "model": "activity.activity",
    "pk": 78
},
{
    "fields": {
        "created_at": "2016-04-11T11:23:45.794Z",
        "message": "create new commentdfhfor tasktask 10",
        "updated_by": [
            "yura"
        ],
        "created_by": [
            "yura"
        ],
        "updated_at": "2016-04-11T11:23:45.794Z"
    },
    "model": "activity.activity",
    "pk": 79
},
{
    "fields": {
        "created_at": "2016-04-11T11:26:56.489Z",
        "message": "create new commentsecondfor tasktask 10",
        "updated_by": [
            "yura"
        ],
        "created_by": [
            "yura"
        ],
        "updated_at": "2016-04-11T11:26:56.489Z"
    },
    "model": "activity.activity",
    "pk": 80
},
{
    "fields": {
        "created_at": "2016-04-11T11:30:19.585Z",
        "message": "edit comment",
        "updated_by": [
            "yura"
        ],
        "created_by": [
            "yura"
        ],
        "updated_at": "2016-04-11T11:30:19.585Z"
    },
    "model": "activity.activity",
    "pk": 81
},
{
    "fields": {
        "created_at": "2016-04-11T11:34:50.810Z",
        "message": "edit commentComment:dfhg ==> 1",
        "updated_by": [
            "yura"
        ],
        "created_by": [
            "yura"
        ],
        "updated_at": "2016-04-11T11:34:50.810Z"
    },
    "model": "activity.activity",
    "pk": 82
},
{
    "fields": {
        "created_at": "2016-04-11T11:35:26.264Z",
        "message": "create new commenttemafor tasktask 10",
        "updated_by": [
            "yura"
        ],
        "created_by": [
            "yura"
        ],
        "updated_at": "2016-04-11T11:35:26.264Z"
    },
    "model": "activity.activity",
    "pk": 83
},
{
    "fields": {
        "created_at": "2016-04-11T11:35:53.960Z",
        "message": "create new commentfivefor tasktask 10",
        "updated_by": [
            "yura"
        ],
        "created_by": [
            "yura"
        ],
        "updated_at": "2016-04-11T11:35:53.960Z"
    },
    "model": "activity.activity",
    "pk": 84
},
{
    "fields": {
        "created_at": "2016-04-11T11:53:44.148Z",
        "message": "create new commentfirstfor tasktasks 9",
        "updated_by": [
            "yura"
        ],
        "created_by": [
            "yura"
        ],
        "updated_at": "2016-04-11T11:53:44.148Z"
    },
    "model": "activity.activity",
    "pk": 85
},
{
    "fields": {
        "status": "undefined",
        "name": "projecta",
        "date_finished": null,
        "created_at": "2016-03-02T10:56:37Z",
        "description": "eee",
        "visible_by": "undefined",
        "updated_at": "2016-03-31T12:44:23.616Z",
        "created_by": [
            "yura2"
        ],
        "members": [
            [
                "yura"
            ]
        ],
        "activity": [
            1,
            4,
            8,
            9,
            16,
            17,
            23,
            27,
            34
        ],
        "date_started": "2016-03-01T10:56:19Z",
        "updated_by": [
            "yura"
        ]
    },
    "model": "projects.project",
    "pk": 1
},
{
    "fields": {
        "status": "undefined",
        "name": "projectb",
        "date_finished": null,
        "created_at": "2016-03-02T10:56:37Z",
        "description": "bbbb",
        "visible_by": "undefined",
        "updated_at": "2016-03-31T12:43:18.000Z",
        "created_by": [
            "yura"
        ],
        "members": [
            [
                "yura2"
            ]
        ],
        "activity": [
            2,
            5,
            10,
            15,
            18,
            30
        ],
        "date_started": "2016-03-02T10:56:37Z",
        "updated_by": [
            "yura"
        ]
    },
    "model": "projects.project",
    "pk": 2
},
{
    "fields": {
        "status": "undefined",
        "name": "projecta",
        "date_finished": null,
        "created_at": "2016-03-02T10:56:37Z",
        "description": "aa",
        "visible_by": "undefined",
        "updated_at": "2016-03-02T10:56:37Z",
        "created_by": null,
        "members": [],
        "activity": [
            12,
            13
        ],
        "date_started": "2016-03-30T14:17:49Z",
        "updated_by": null
    },
    "model": "projects.project",
    "pk": 4
},
{
    "fields": {
        "status": "breakthrough",
        "name": "street",
        "date_finished": null,
        "created_at": "2016-04-05T10:44:50.377Z",
        "description": "qqq",
        "visible_by": "members",
        "updated_at": "2016-04-05T10:44:50.377Z",
        "created_by": [
            "senetskiy"
        ],
        "members": [],
        "activity": [
            47
        ],
        "date_started": null,
        "updated_by": [
            "senetskiy"
        ]
    },
    "model": "projects.project",
    "pk": 11
},
{
    "fields": {
        "comment": "first comment",
        "updated_by": [
            "yura"
        ],
        "title": "eee",
        "created_at": "2016-04-07T14:31:52.911Z",
        "updated_at": "2016-04-07T14:31:52.911Z",
        "created_by": [
            "yura"
        ],
        "project": 4,
        "activity": []
    },
    "model": "projects.projectcomment",
    "pk": 1
},
{
    "fields": {
        "comment": "second comment",
        "updated_by": [
            "yura"
        ],
        "title": "rr",
        "created_at": "2016-04-07T14:34:09.932Z",
        "updated_at": "2016-04-08T09:27:35.953Z",
        "created_by": [
            "yura"
        ],
        "project": 11,
        "activity": [
            9,
            64
        ]
    },
    "model": "projects.projectcomment",
    "pk": 2
},
{
    "fields": {
        "comment": "3",
        "updated_by": [
            "yura"
        ],
        "title": "sertg",
        "created_at": "2016-04-07T14:38:18.469Z",
        "updated_at": "2016-04-07T14:38:18.469Z",
        "created_by": [
            "yura"
        ],
        "project": 4,
        "activity": []
    },
    "model": "projects.projectcomment",
    "pk": 3
},
{
    "fields": {
        "comment": "5555555555555555555",
        "updated_by": [
            "yura"
        ],
        "title": "3333333333333333333",
        "created_at": "2016-04-07T14:39:08.116Z",
        "updated_at": "2016-04-08T15:58:29.931Z",
        "created_by": [
            "yura"
        ],
        "project": 1,
        "activity": [
            9,
            73
        ]
    },
    "model": "projects.projectcomment",
    "pk": 4
},
{
    "fields": {
        "comment": "555",
        "updated_by": [
            "yura"
        ],
        "title": "er",
        "created_at": "2016-04-07T14:57:20.069Z",
        "updated_at": "2016-04-07T14:57:20.069Z",
        "created_by": [
            "yura"
        ],
        "project": 1,
        "activity": [
            60
        ]
    },
    "model": "projects.projectcomment",
    "pk": 5
},
{
    "fields": {
        "comment": "4444444",
        "updated_by": [
            "yura"
        ],
        "title": "34",
        "created_at": "2016-04-07T15:21:54.110Z",
        "updated_at": "2016-04-07T15:21:54.110Z",
        "created_by": [
            "yura"
        ],
        "project": 1,
        "activity": [
            61
        ]
    },
    "model": "projects.projectcomment",
    "pk": 6
},
{
    "fields": {
        "comment": "5",
        "updated_by": [
            "yura"
        ],
        "title": "ff",
        "created_at": "2016-04-07T15:51:36.206Z",
        "updated_at": "2016-04-07T15:51:36.206Z",
        "created_by": [
            "yura"
        ],
        "project": 11,
        "activity": [
            62
        ]
    },
    "model": "projects.projectcomment",
    "pk": 7
},
{
    "fields": {
        "comment": "sdfgs",
        "updated_by": [
            "yura"
        ],
        "title": "tyyy",
        "created_at": "2016-04-08T09:07:50.758Z",
        "updated_at": "2016-04-08T09:07:50.758Z",
        "created_by": [
            "yura"
        ],
        "project": 2,
        "activity": [
            63
        ]
    },
    "model": "projects.projectcomment",
    "pk": 8
},
{
    "fields": {
        "comment": "dfhgx",
        "updated_by": [
            "yura"
        ],
        "title": "bhd",
        "created_at": "2016-04-08T10:29:18.313Z",
        "updated_at": "2016-04-08T10:29:18.313Z",
        "created_by": [
            "yura"
        ],
        "project": 1,
        "activity": [
            65
        ]
    },
    "model": "projects.projectcomment",
    "pk": 9
},
{
    "fields": {
        "comment": "dfhgx",
        "updated_by": [
            "yura"
        ],
        "title": "bhd",
        "created_at": "2016-04-08T11:06:53.860Z",
        "updated_at": "2016-04-08T11:06:53.860Z",
        "created_by": [
            "yura"
        ],
        "project": 1,
        "activity": [
            66
        ]
    },
    "model": "projects.projectcomment",
    "pk": 10
},
{
    "fields": {
        "comment": "dfhgx",
        "updated_by": [
            "yura"
        ],
        "title": "bhd",
        "created_at": "2016-04-08T11:10:48.869Z",
        "updated_at": "2016-04-08T11:10:48.869Z",
        "created_by": [
            "yura"
        ],
        "project": 1,
        "activity": [
            67
        ]
    },
    "model": "projects.projectcomment",
    "pk": 11
},
{
    "fields": {
        "comment": "dfhgx",
        "updated_by": [
            "yura"
        ],
        "title": "bhd",
        "created_at": "2016-04-08T11:36:53.886Z",
        "updated_at": "2016-04-08T11:36:53.886Z",
        "created_by": [
            "yura"
        ],
        "project": 1,
        "activity": [
            68
        ]
    },
    "model": "projects.projectcomment",
    "pk": 12
},
{
    "fields": {
        "comment": "rrty",
        "updated_by": [
            "yura"
        ],
        "title": "rrrr",
        "created_at": "2016-04-08T11:37:10.533Z",
        "updated_at": "2016-04-08T11:37:10.533Z",
        "created_by": [
            "yura"
        ],
        "project": 1,
        "activity": [
            69
        ]
    },
    "model": "projects.projectcomment",
    "pk": 13
},
{
    "fields": {
        "comment": "111111111111111111111111",
        "updated_by": [
            "yura"
        ],
        "title": "tyyyyyyyyyyyyyyyyyyyyyyyyyyyyyyyyy",
        "created_at": "2016-04-08T13:58:33.941Z",
        "updated_at": "2016-04-08T13:58:33.941Z",
        "created_by": [
            "yura"
        ],
        "project": 1,
        "activity": [
            70
        ]
    },
    "model": "projects.projectcomment",
    "pk": 14
},
{
    "fields": {
        "comment": "e",
        "updated_by": [
            "yura"
        ],
        "title": "ed",
        "created_at": "2016-04-11T10:50:18.661Z",
        "updated_at": "2016-04-11T10:50:18.661Z",
        "created_by": [
            "yura"
        ],
        "project": 1,
        "activity": [
            78
        ]
    },
    "model": "projects.projectcomment",
    "pk": 15
},
{
    "fields": {
        "status": "undefined",
        "estimate_minutes": null,
        "group": null,
        "name": "task1",
        "created_at": "2016-03-18T10:57:49.589Z",
        "description": "dfgb",
        "updated_at": "2016-04-08T15:32:07.191Z",
        "created_by": null,
        "label": "undefined",
        "project": 11,
        "deadline_date": "2016-03-06T10:57:47Z",
        "members": [],
        "activity": [
            3,
            20,
            24,
            31,
            71,
            72
        ],
        "type": "undefined",
        "updated_by": [
            "yura"
        ]
    },
    "model": "projects.task",
    "pk": 1
},
{
    "fields": {
        "status": "breakthrough",
        "estimate_minutes": null,
        "group": null,
        "name": "rrrrrrrr",
        "created_at": "2016-04-06T09:00:46.048Z",
        "description": "ryt",
        "updated_at": "2016-04-06T09:00:46.135Z",
        "created_by": [
            "senetskiy"
        ],
        "label": "red",
        "project": 2,
        "deadline_date": null,
        "members": [],
        "activity": [
            50,
            51
        ],
        "type": "bug",
        "updated_by": [
            "senetskiy"
        ]
    },
    "model": "projects.task",
    "pk": 12
},
{
    "fields": {
        "status": "breakthrough",
        "estimate_minutes": null,
        "group": null,
        "name": "rr",
        "created_at": "2016-04-06T09:12:48.035Z",
        "description": "",
        "updated_at": "2016-04-06T09:12:48.157Z",
        "created_by": [
            "senetskiy"
        ],
        "label": "red",
        "project": 11,
        "deadline_date": null,
        "members": [],
        "activity": [
            54,
            55
        ],
        "type": "bug",
        "updated_by": [
            "senetskiy"
        ]
    },
    "model": "projects.task",
    "pk": 14
},
{
    "fields": {
        "status": "breakthrough",
        "estimate_minutes": null,
        "group": null,
        "name": "tasks 9",
        "created_at": "2016-04-11T09:59:09.785Z",
        "description": "ert",
        "updated_at": "2016-04-11T09:59:09.960Z",
        "created_by": [
            "yura"
        ],
        "label": "red",
        "project": 1,
        "deadline_date": null,
        "members": [],
        "activity": [
            74,
            75
        ],
        "type": "bug",
        "updated_by": [
            "yura"
        ]
    },
    "model": "projects.task",
    "pk": 15
},
{
    "fields": {
        "status": "breakthrough",
        "estimate_minutes": null,
        "group": null,
        "name": "task 10",
        "created_at": "2016-04-11T10:44:10.039Z",
        "description": "we",
        "updated_at": "2016-04-11T10:44:10.060Z",
        "created_by": [
            "yura"
        ],
        "label": "red",
        "project": 1,
        "deadline_date": null,
        "members": [],
        "activity": [
            76,
            77
        ],
        "type": "bug",
        "updated_by": [
            "yura"
        ]
    },
    "model": "projects.task",
    "pk": 16
},
{
    "fields": {
        "comment": "1",
        "task": 16,
        "updated_by": [
            "yura"
        ],
        "title": "first",
        "created_at": "2016-04-11T11:23:45.771Z",
        "updated_at": "2016-04-11T11:34:50.805Z",
        "created_by": [
            "yura"
        ],
        "activity": [
            79,
            81,
            82
        ]
    },
    "model": "projects.taskcomment",
    "pk": 1
},
{
    "fields": {
        "comment": "2",
        "task": 16,
        "updated_by": [
            "yura"
        ],
        "title": "second",
        "created_at": "2016-04-11T11:26:56.484Z",
        "updated_at": "2016-04-11T11:26:56.484Z",
        "created_by": [
            "yura"
        ],
        "activity": [
            80
        ]
    },
    "model": "projects.taskcomment",
    "pk": 2
},
{
    "fields": {
        "comment": "mmmm",
        "task": 16,
        "updated_by": [
            "yura"
        ],
        "title": "tema",
        "created_at": "2016-04-11T11:35:26.260Z",
        "updated_at": "2016-04-11T11:35:26.260Z",
        "created_by": [
            "yura"
        ],
        "activity": [
            83
        ]
    },
    "model": "projects.taskcomment",
    "pk": 3
},
{
    "fields": {
        "comment": "rest",
        "task": 16,
        "updated_by": [
            "yura"
        ],
        "title": "five",
        "created_at": "2016-04-11T11:35:53.955Z",
        "updated_at": "2016-04-11T11:35:53.955Z",
        "created_by": [
            "yura"
        ],
        "activity": [
            84
        ]
    },
    "model": "projects.taskcomment",
    "pk": 4
},
{
    "fields": {
        "comment": "www",
        "task": 15,
        "updated_by": [
            "yura"
        ],
        "title": "first",
        "created_at": "2016-04-11T11:53:44.145Z",
        "updated_at": "2016-04-11T11:53:44.145Z",
        "created_by": [
            "yura"
        ],
        "activity": [
            85
        ]
    },
    "model": "projects.taskcomment",
    "pk": 5
},
{
    "fields": {
        "project": 1,
        "order_number": 4,
        "name": "eeeee"
    },
    "model": "projects.status",
    "pk": 7
},
{
    "fields": {
        "project": 11,
        "order_number": 125,
        "name": "qqq"
    },
    "model": "projects.status",
    "pk": 8
},
{
    "fields": {
        "project": 11,
        "order_number": 125,
        "name": "qqq"
    },
    "model": "projects.status",
    "pk": 9
},
{
    "fields": {
        "project": 11,
        "order_number": 24,
        "name": "ewew"
    },
    "model": "projects.status",
    "pk": 10
},
{
    "fields": {
        "project": 11,
        "order_number": 2325,
        "name": "wewe"
    },
    "model": "projects.status",
    "pk": 13
},
{
    "fields": {
        "project": 11,
        "order_number": 4446,
        "name": "ewr"
    },
    "model": "projects.status",
    "pk": 15
},
{
    "fields": {
        "project": 11,
        "order_number": 6,
        "name": "ww"
    },
    "model": "projects.status",
    "pk": 31
},
{
    "fields": {
        "project": 11,
        "order_number": 58,
        "name": "34"
    },
    "model": "projects.status",
    "pk": 32
},
{
    "fields": {
        "project": 11,
        "order_number": 6,
        "name": "3444"
    },
    "model": "projects.status",
    "pk": 33
},
{
    "fields": {
        "project": 11,
        "order_number": 9,
        "name": "rth"
    },
    "model": "projects.status",
    "pk": 34
},
{
    "fields": {
        "project": 1,
        "order_number": 2,
        "name": "ww"
    },
    "model": "projects.status",
    "pk": 39
},
{
    "fields": {
        "project": 1,
        "order_number": 3,
        "name": "tt"
    },
    "model": "projects.status",
    "pk": 49
},
{
    "fields": {
        "project": 1,
        "order_number": 5,
        "name": "oi"
    },
    "model": "projects.status",
    "pk": 50
},
{
    "fields": {
        "project": 11,
        "order_number": 8,
        "name": "uu"
    },
    "model": "projects.status",
    "pk": 74
},
{
    "fields": {
        "project": 1,
        "order_number": 1,
        "name": "ttt"
    },
    "model": "projects.status",
    "pk": 76
},
{
    "fields": {
        "verified": true,
        "user": [
            "senetskiy"
        ],
        "primary": true,
        "email": "dikov.yury@gmail.com"
    },
    "model": "account.emailaddress",
    "pk": 1
},
{
    "fields": {
        "user": [
            "senetskiy"
        ],
        "created": "2016-03-31T07:58:38.750Z"
    },
    "model": "authtoken.token",
    "pk": "0fab2827261a1a6cca7718f8d964c059999e2313"
}
]
